validation_id,model_id,runtime_secs,mae,rmse,r2
kfold-5-v1.0,linear-v1.0,0.12228226661682129,25.400939694021215,29.30239154363942,-0.013772525589284036
